3_4_Sit-Up	3/4 Sit-Up
90_90_Hamstring	90/90 Hamstring
Ab_Crunch_Machine	Ab Crunch Machine
Ab_Roller	Ab Roller
Adductor	Adductor
Adductor_Groin	Adductor/Groin
Advanced_Kettlebell_Windmill	Advanced Kettlebell Windmill
Air_Bike	Air Bike
All_Fours_Quad_Stretch	All Fours Quad Stretch
Alternate_Hammer_Curl	Alternate Hammer Curl
Alternate_Heel_Touchers	Alternate Heel Touchers
Alternate_Incline_Dumbbell_Curl	Alternate Incline Dumbbell Curl
Alternate_Leg_Diagonal_Bound	Alternate Leg Diagonal Bound
Alternating_Cable_Shoulder_Press	Alternating Cable Shoulder Press
Alternating_Deltoid_Raise	Alternating Deltoid Raise
Alternating_Floor_Press	Alternating Floor Press
Alternating_Hang_Clean	Alternating Hang Clean
Alternating_Kettlebell_Press	Alternating Kettlebell Press
Alternating_Kettlebell_Row	Alternating Kettlebell Row
Alternating_Renegade_Row	Alternating Renegade Row
Ankle_Circles	Ankle Circles
Ankle_On_The_Knee	Ankle On The Knee
Anterior_Tibialis-SMR	Anterior Tibialis-SMR
Anti-Gravity_Press	Anti-Gravity Press
Arm_Circles	Arm Circles
Arnold_Dumbbell_Press	Arnold Dumbbell Press
Around_The_Worlds	Around The Worlds
Atlas_Stone_Trainer	Atlas Stone Trainer
Atlas_Stones	Atlas Stones
Axle_Deadlift	Axle Deadlift
Back_Flyes_-_With_Bands	Back Flyes - With Bands
Backward_Drag	Backward Drag
Backward_Medicine_Ball_Throw	Backward Medicine Ball Throw
Balance_Board	Balance Board
Ball_Leg_Curl	Ball Leg Curl
Band_Assisted_Pull-Up	Band Assisted Pull-Up
Band_Good_Morning	Band Good Morning
Band_Good_Morning_Pull_Through	Band Good Morning (Pull Through)
Band_Hip_Adductions	Band Hip Adductions
Band_Pull_Apart	Band Pull Apart
Band_Skull_Crusher	Band Skull Crusher
Barbell_Ab_Rollout	Barbell Ab Rollout
Barbell_Ab_Rollout_-_On_Knees	Barbell Ab Rollout - On Knees
Barbell_Bench_Press_-_Medium_Grip	Barbell Bench Press - Medium Grip
Barbell_Curl	Barbell Curl
Barbell_Curls_Lying_Against_An_Incline	Barbell Curls Lying Against An Incline
Barbell_Deadlift	Barbell Deadlift
Barbell_Full_Squat	Barbell Full Squat
Barbell_Glute_Bridge	Barbell Glute Bridge
Barbell_Guillotine_Bench_Press	Barbell Guillotine Bench Press
Barbell_Hack_Squat	Barbell Hack Squat
Barbell_Hip_Thrust	Barbell Hip Thrust
Barbell_Incline_Bench_Press_-_Medium_Grip	Barbell Incline Bench Press - Medium Grip
Barbell_Incline_Shoulder_Raise	Barbell Incline Shoulder Raise
Barbell_Lunge	Barbell Lunge
Barbell_Rear_Delt_Row	Barbell Rear Delt Row
Barbell_Rollout_from_Bench	Barbell Rollout from Bench
Barbell_Seated_Calf_Raise	Barbell Seated Calf Raise
Barbell_Shoulder_Press	Barbell Shoulder Press
Barbell_Shrug	Barbell Shrug
Barbell_Shrug_Behind_The_Back	Barbell Shrug Behind The Back
Barbell_Side_Bend	Barbell Side Bend
Barbell_Side_Split_Squat	Barbell Side Split Squat
Barbell_Squat	Barbell Squat
Barbell_Squat_To_A_Bench	Barbell Squat To A Bench
Barbell_Step_Ups	Barbell Step Ups
Barbell_Walking_Lunge	Barbell Walking Lunge
Battling_Ropes	Battling Ropes
Bear_Crawl_Sled_Drags	Bear Crawl Sled Drags
Behind_Head_Chest_Stretch	Behind Head Chest Stretch
Bench_Dips	Bench Dips
Bench_Jump	Bench Jump
Bench_Press_-_Powerlifting	Bench Press - Powerlifting
Bench_Press_-_With_Bands	Bench Press - With Bands
Bench_Press_with_Chains	Bench Press with Chains
Bench_Sprint	Bench Sprint
Bent-Arm_Barbell_Pullover	Bent-Arm Barbell Pullover
Bent-Arm_Dumbbell_Pullover	Bent-Arm Dumbbell Pullover
Bent-Knee_Hip_Raise	Bent-Knee Hip Raise
Bent_Over_Barbell_Row	Bent Over Barbell Row
Bent_Over_Dumbbell_Rear_Delt_Raise_With_Head_On_Bench	Bent Over Dumbbell Rear Delt Raise With Head On Bench
Bent_Over_Low-Pulley_Side_Lateral	Bent Over Low-Pulley Side Lateral
Bent_Over_One-Arm_Long_Bar_Row	Bent Over One-Arm Long Bar Row
Bent_Over_Two-Arm_Long_Bar_Row	Bent Over Two-Arm Long Bar Row
Bent_Over_Two-Dumbbell_Row	Bent Over Two-Dumbbell Row
Bent_Over_Two-Dumbbell_Row_With_Palms_In	Bent Over Two-Dumbbell Row With Palms In
Bent_Press	Bent Press
Bicycling	Bicycling
Bicycling_Stationary	Bicycling, Stationary
Board_Press	Board Press
Body-Up	Body-Up
Body_Tricep_Press	Body Tricep Press
Bodyweight_Flyes	Bodyweight Flyes
Bodyweight_Mid_Row	Bodyweight Mid Row
Bodyweight_Squat	Bodyweight Squat
Bodyweight_Walking_Lunge	Bodyweight Walking Lunge
Bosu_Ball_Cable_Crunch_With_Side_Bends	Bosu Ball Cable Crunch With Side Bends
Bottoms-Up_Clean_From_The_Hang_Position	Bottoms-Up Clean From The Hang Position
Bottoms_Up	Bottoms Up
Box_Jump_Multiple_Response	Box Jump (Multiple Response)
Box_Skip	Box Skip
Box_Squat	Box Squat
Box_Squat_with_Bands	Box Squat with Bands
Box_Squat_with_Chains	Box Squat with Chains
Brachialis-SMR	Brachialis-SMR
Bradford_Rocky_Presses	Bradford/Rocky Presses
Butt-Ups	Butt-Ups
Butt_Lift_Bridge	Butt Lift (Bridge)
Butterfly	Butterfly
Cable_Chest_Press	Cable Chest Press
Cable_Crossover	Cable Crossover
Cable_Crunch	Cable Crunch
Cable_Deadlifts	Cable Deadlifts
Cable_Hammer_Curls_-_Rope_Attachment	Cable Hammer Curls - Rope Attachment
Cable_Hip_Adduction	Cable Hip Adduction
Cable_Incline_Pushdown	Cable Incline Pushdown
Cable_Incline_Triceps_Extension	Cable Incline Triceps Extension
Cable_Internal_Rotation	Cable Internal Rotation
Cable_Iron_Cross	Cable Iron Cross
Cable_Judo_Flip	Cable Judo Flip
Cable_Lying_Triceps_Extension	Cable Lying Triceps Extension
Cable_One_Arm_Tricep_Extension	Cable One Arm Tricep Extension
Cable_Preacher_Curl	Cable Preacher Curl
Cable_Rear_Delt_Fly	Cable Rear Delt Fly
Cable_Reverse_Crunch	Cable Reverse Crunch
Cable_Rope_Overhead_Triceps_Extension	Cable Rope Overhead Triceps Extension
Cable_Rope_Rear-Delt_Rows	Cable Rope Rear-Delt Rows
Cable_Russian_Twists	Cable Russian Twists
Cable_Seated_Crunch	Cable Seated Crunch
Cable_Seated_Lateral_Raise	Cable Seated Lateral Raise
Cable_Shoulder_Press	Cable Shoulder Press
Cable_Shrugs	Cable Shrugs
Cable_Wrist_Curl	Cable Wrist Curl
Calf-Machine_Shoulder_Shrug	Calf-Machine Shoulder Shrug
Calf_Press	Calf Press
Calf_Press_On_The_Leg_Press_Machine	Calf Press On The Leg Press Machine
Calf_Raise_On_A_Dumbbell	Calf Raise On A Dumbbell
Calf_Raises_-_With_Bands	Calf Raises - With Bands
Calf_Stretch_Elbows_Against_Wall	Calf Stretch Elbows Against Wall
Calf_Stretch_Hands_Against_Wall	Calf Stretch Hands Against Wall
Calves-SMR	Calves-SMR
Car_Deadlift	Car Deadlift
Car_Drivers	Car Drivers
Carioca_Quick_Step	Carioca Quick Step
Cat_Stretch	Cat Stretch
Catch_and_Overhead_Throw	Catch and Overhead Throw
Chain_Handle_Extension	Chain Handle Extension
Chain_Press	Chain Press
Chair_Leg_Extended_Stretch	Chair Leg Extended Stretch
Chair_Lower_Back_Stretch	Chair Lower Back Stretch
Chair_Squat	Chair Squat
Chair_Upper_Body_Stretch	Chair Upper Body Stretch
Chest_And_Front_Of_Shoulder_Stretch	Chest And Front Of Shoulder Stretch
Chest_Push_from_3_point_stance	Chest Push from 3 point stance
Chest_Push_multiple_response	Chest Push (multiple response)
Chest_Push_single_response	Chest Push (single response)
Chest_Push_with_Run_Release	Chest Push with Run Release
Chest_Stretch_on_Stability_Ball	Chest Stretch on Stability Ball
Childs_Pose	Child's Pose
Chin-Up	Chin-Up
Chin_To_Chest_Stretch	Chin To Chest Stretch
Circus_Bell	Circus Bell
Clean	Clean
Clean_Deadlift	Clean Deadlift
Clean_Pull	Clean Pull
Clean_Shrug	Clean Shrug
Clean_and_Jerk	Clean and Jerk
Clean_and_Press	Clean and Press
Clean_from_Blocks	Clean from Blocks
Clock_Push-Up	Clock Push-Up
Close-Grip_Barbell_Bench_Press	Close-Grip Barbell Bench Press
Close-Grip_Dumbbell_Press	Close-Grip Dumbbell Press
Close-Grip_EZ-Bar_Curl_with_Band	Close-Grip EZ-Bar Curl with Band
Close-Grip_EZ-Bar_Press	Close-Grip EZ-Bar Press
Close-Grip_EZ_Bar_Curl	Close-Grip EZ Bar Curl
Close-Grip_Front_Lat_Pulldown	Close-Grip Front Lat Pulldown
Close-Grip_Push-Up_off_of_a_Dumbbell	Close-Grip Push-Up off of a Dumbbell
Close-Grip_Standing_Barbell_Curl	Close-Grip Standing Barbell Curl
Cocoons	Cocoons
Conans_Wheel	Conan's Wheel
Concentration_Curls	Concentration Curls
Cross-Body_Crunch	Cross-Body Crunch
Cross_Body_Hammer_Curl	Cross Body Hammer Curl
Cross_Over_-_With_Bands	Cross Over - With Bands
Crossover_Reverse_Lunge	Crossover Reverse Lunge
Crucifix	Crucifix
Crunch_-_Hands_Overhead	Crunch - Hands Overhead
Crunch_-_Legs_On_Exercise_Ball	Crunch - Legs On Exercise Ball
Crunches	Crunches
Cuban_Press	Cuban Press
Dancers_Stretch	Dancer's Stretch
Dead_Bug	Dead Bug
Deadlift_with_Bands	Deadlift with Bands
Deadlift_with_Chains	Deadlift with Chains
Decline_Barbell_Bench_Press	Decline Barbell Bench Press
Decline_Close-Grip_Bench_To_Skull_Crusher	Decline Close-Grip Bench To Skull Crusher
Decline_Crunch	Decline Crunch
Decline_Dumbbell_Bench_Press	Decline Dumbbell Bench Press
Decline_Dumbbell_Flyes	Decline Dumbbell Flyes
Decline_Dumbbell_Triceps_Extension	Decline Dumbbell Triceps Extension
Decline_EZ_Bar_Triceps_Extension	Decline EZ Bar Triceps Extension
Decline_Oblique_Crunch	Decline Oblique Crunch
Decline_Push-Up	Decline Push-Up
Decline_Reverse_Crunch	Decline Reverse Crunch
Decline_Smith_Press	Decline Smith Press
Deficit_Deadlift	Deficit Deadlift
Depth_Jump_Leap	Depth Jump Leap
Dip_Machine	Dip Machine
Dips_-_Chest_Version	Dips - Chest Version
Dips_-_Triceps_Version	Dips - Triceps Version
Donkey_Calf_Raises	Donkey Calf Raises
Double_Kettlebell_Alternating_Hang_Clean	Double Kettlebell Alternating Hang Clean
Double_Kettlebell_Jerk	Double Kettlebell Jerk
Double_Kettlebell_Push_Press	Double Kettlebell Push Press
Double_Kettlebell_Snatch	Double Kettlebell Snatch
Double_Kettlebell_Windmill	Double Kettlebell Windmill
Double_Leg_Butt_Kick	Double Leg Butt Kick
Downward_Facing_Balance	Downward Facing Balance
Drag_Curl	Drag Curl
Drop_Push	Drop Push
Dumbbell_Alternate_Bicep_Curl	Dumbbell Alternate Bicep Curl
Dumbbell_Bench_Press	Dumbbell Bench Press
Dumbbell_Bench_Press_with_Neutral_Grip	Dumbbell Bench Press with Neutral Grip
Dumbbell_Bicep_Curl	Dumbbell Bicep Curl
Dumbbell_Clean	Dumbbell Clean
Dumbbell_Floor_Press	Dumbbell Floor Press
Dumbbell_Flyes	Dumbbell Flyes
Dumbbell_Incline_Row	Dumbbell Incline Row
Dumbbell_Incline_Shoulder_Raise	Dumbbell Incline Shoulder Raise
Dumbbell_Lunges	Dumbbell Lunges
Dumbbell_Lying_One-Arm_Rear_Lateral_Raise	Dumbbell Lying One-Arm Rear Lateral Raise
Dumbbell_Lying_Pronation	Dumbbell Lying Pronation
Dumbbell_Lying_Rear_Lateral_Raise	Dumbbell Lying Rear Lateral Raise
Dumbbell_Lying_Supination	Dumbbell Lying Supination
Dumbbell_One-Arm_Shoulder_Press	Dumbbell One-Arm Shoulder Press
Dumbbell_One-Arm_Triceps_Extension	Dumbbell One-Arm Triceps Extension
Dumbbell_One-Arm_Upright_Row	Dumbbell One-Arm Upright Row
Dumbbell_Prone_Incline_Curl	Dumbbell Prone Incline Curl
Dumbbell_Raise	Dumbbell Raise
Dumbbell_Rear_Lunge	Dumbbell Rear Lunge
Dumbbell_Scaption	Dumbbell Scaption
Dumbbell_Seated_Box_Jump	Dumbbell Seated Box Jump
Dumbbell_Seated_One-Leg_Calf_Raise	Dumbbell Seated One-Leg Calf Raise
Dumbbell_Shoulder_Press	Dumbbell Shoulder Press
Dumbbell_Shrug	Dumbbell Shrug
Dumbbell_Side_Bend	Dumbbell Side Bend
Dumbbell_Squat	Dumbbell Squat
Dumbbell_Squat_To_A_Bench	Dumbbell Squat To A Bench
Dumbbell_Step_Ups	Dumbbell Step Ups
Dumbbell_Tricep_Extension_-Pronated_Grip	Dumbbell Tricep Extension -Pronated Grip
Dynamic_Back_Stretch	Dynamic Back Stretch
Dynamic_Chest_Stretch	Dynamic Chest Stretch
EZ-Bar_Curl	EZ-Bar Curl
EZ-Bar_Skullcrusher	EZ-Bar Skullcrusher
Elbow_Circles	Elbow Circles
Elbow_to_Knee	Elbow to Knee
Elbows_Back	Elbows Back
Elevated_Back_Lunge	Elevated Back Lunge
Elevated_Cable_Rows	Elevated Cable Rows
Elliptical_Trainer	Elliptical Trainer
Exercise_Ball_Crunch	Exercise Ball Crunch
Exercise_Ball_Pull-In	Exercise Ball Pull-In
Extended_Range_One-Arm_Kettlebell_Floor_Press	Extended Range One-Arm Kettlebell Floor Press
External_Rotation	External Rotation
External_Rotation_with_Band	External Rotation with Band
External_Rotation_with_Cable	External Rotation with Cable
Face_Pull	Face Pull
Farmers_Walk	Farmer's Walk
Fast_Skipping	Fast Skipping
Finger_Curls	Finger Curls
Flat_Bench_Cable_Flyes	Flat Bench Cable Flyes
Flat_Bench_Leg_Pull-In	Flat Bench Leg Pull-In
Flat_Bench_Lying_Leg_Raise	Flat Bench Lying Leg Raise
Flexor_Incline_Dumbbell_Curls	Flexor Incline Dumbbell Curls
Floor_Glute-Ham_Raise	Floor Glute-Ham Raise
Floor_Press	Floor Press
Floor_Press_with_Chains	Floor Press with Chains
Flutter_Kicks	Flutter Kicks
Foot-SMR	Foot-SMR
Forward_Drag_with_Press	Forward Drag with Press
Frankenstein_Squat	Frankenstein Squat
Freehand_Jump_Squat	Freehand Jump Squat
Frog_Hops	Frog Hops
Frog_Sit-Ups	Frog Sit-Ups
Front_Barbell_Squat	Front Barbell Squat
Front_Barbell_Squat_To_A_Bench	Front Barbell Squat To A Bench
Front_Box_Jump	Front Box Jump
Front_Cable_Raise	Front Cable Raise
Front_Cone_Hops_or_hurdle_hops	Front Cone Hops (or hurdle hops)
Front_Dumbbell_Raise	Front Dumbbell Raise
Front_Incline_Dumbbell_Raise	Front Incline Dumbbell Raise
Front_Leg_Raises	Front Leg Raises
Front_Plate_Raise	Front Plate Raise
Front_Raise_And_Pullover	Front Raise And Pullover
Front_Squat_Clean_Grip	Front Squat (Clean Grip)
Front_Squats_With_Two_Kettlebells	Front Squats With Two Kettlebells
Front_Two-Dumbbell_Raise	Front Two-Dumbbell Raise
Full_Range-Of-Motion_Lat_Pulldown	Full Range-Of-Motion Lat Pulldown
Gironda_Sternum_Chins	Gironda Sternum Chins
Glute_Ham_Raise	Glute Ham Raise
Glute_Kickback	Glute Kickback
Goblet_Squat	Goblet Squat
Good_Morning	Good Morning
Good_Morning_off_Pins	Good Morning off Pins
Gorilla_Chin_Crunch	Gorilla Chin/Crunch
Groin_and_Back_Stretch	Groin and Back Stretch
Groiners	Groiners
Hack_Squat	Hack Squat
Hammer_Curls	Hammer Curls
Hammer_Grip_Incline_DB_Bench_Press	Hammer Grip Incline DB Bench Press
Hamstring-SMR	Hamstring-SMR
Hamstring_Stretch	Hamstring Stretch
Handstand_Push-Ups	Handstand Push-Ups
Hang_Clean	Hang Clean
Hang_Clean_-_Below_the_Knees	Hang Clean - Below the Knees
Hang_Snatch	Hang Snatch
Hang_Snatch_-_Below_Knees	Hang Snatch - Below Knees
Hanging_Bar_Good_Morning	Hanging Bar Good Morning
Hanging_Leg_Raise	Hanging Leg Raise
Hanging_Pike	Hanging Pike
Heaving_Snatch_Balance	Heaving Snatch Balance
Heavy_Bag_Thrust	Heavy Bag Thrust
High_Cable_Curls	High Cable Curls
Hip_Circles_prone	Hip Circles (prone)
Hip_Extension_with_Bands	Hip Extension with Bands
Hip_Flexion_with_Band	Hip Flexion with Band
Hip_Lift_with_Band	Hip Lift with Band
Hug_A_Ball	Hug A Ball
Hug_Knees_To_Chest	Hug Knees To Chest
Hurdle_Hops	Hurdle Hops
Hyperextensions_Back_Extensions	Hyperextensions (Back Extensions)
Hyperextensions_With_No_Hyperextension_Bench	Hyperextensions With No Hyperextension Bench
IT_Band_and_Glute_Stretch	IT Band and Glute Stretch
Iliotibial_Tract-SMR	Iliotibial Tract-SMR
Inchworm	Inchworm
Incline_Barbell_Triceps_Extension	Incline Barbell Triceps Extension
Incline_Bench_Pull	Incline Bench Pull
Incline_Cable_Chest_Press	Incline Cable Chest Press
Incline_Cable_Flye	Incline Cable Flye
Incline_Dumbbell_Bench_With_Palms_Facing_In	Incline Dumbbell Bench With Palms Facing In
Incline_Dumbbell_Curl	Incline Dumbbell Curl
Incline_Dumbbell_Flyes	Incline Dumbbell Flyes
Incline_Dumbbell_Flyes_-_With_A_Twist	Incline Dumbbell Flyes - With A Twist
Incline_Dumbbell_Press	Incline Dumbbell Press
Incline_Hammer_Curls	Incline Hammer Curls
Incline_Inner_Biceps_Curl	Incline Inner Biceps Curl
Incline_Push-Up	Incline Push-Up
Incline_Push-Up_Close-Grip	Incline Push-Up Close-Grip
Incline_Push-Up_Depth_Jump	Incline Push-Up Depth Jump
Incline_Push-Up_Medium	Incline Push-Up Medium
Incline_Push-Up_Reverse_Grip	Incline Push-Up Reverse Grip
Incline_Push-Up_Wide	Incline Push-Up Wide
Intermediate_Groin_Stretch	Intermediate Groin Stretch
Intermediate_Hip_Flexor_and_Quad_Stretch	Intermediate Hip Flexor and Quad Stretch
Internal_Rotation_with_Band	Internal Rotation with Band
Inverted_Row	Inverted Row
Inverted_Row_with_Straps	Inverted Row with Straps
Iron_Cross	Iron Cross
Iron_Crosses_stretch	Iron Crosses (stretch)
Isometric_Chest_Squeezes	Isometric Chest Squeezes
Isometric_Neck_Exercise_-_Front_And_Back	Isometric Neck Exercise - Front And Back
Isometric_Neck_Exercise_-_Sides	Isometric Neck Exercise - Sides
Isometric_Wipers	Isometric Wipers
JM_Press	JM Press
Jackknife_Sit-Up	Jackknife Sit-Up
Janda_Sit-Up	Janda Sit-Up
Jefferson_Squats	Jefferson Squats
Jerk_Balance	Jerk Balance
Jerk_Dip_Squat	Jerk Dip Squat
Jogging_Treadmill	Jogging, Treadmill
Keg_Load	Keg Load
Kettlebell_Arnold_Press	Kettlebell Arnold Press
Kettlebell_Dead_Clean	Kettlebell Dead Clean
Kettlebell_Figure_8	Kettlebell Figure 8
Kettlebell_Hang_Clean	Kettlebell Hang Clean
Kettlebell_One-Legged_Deadlift	Kettlebell One-Legged Deadlift
Kettlebell_Pass_Between_The_Legs	Kettlebell Pass Between The Legs
Kettlebell_Pirate_Ships	Kettlebell Pirate Ships
Kettlebell_Pistol_Squat	Kettlebell Pistol Squat
Kettlebell_Seated_Press	Kettlebell Seated Press
Kettlebell_Seesaw_Press	Kettlebell Seesaw Press
Kettlebell_Sumo_High_Pull	Kettlebell Sumo High Pull
Kettlebell_Thruster	Kettlebell Thruster
Kettlebell_Turkish_Get-Up_Lunge_style	Kettlebell Turkish Get-Up (Lunge style)
Kettlebell_Turkish_Get-Up_Squat_style	Kettlebell Turkish Get-Up (Squat style)
Kettlebell_Windmill	Kettlebell Windmill
Kipping_Muscle_Up	Kipping Muscle Up
Knee_Across_The_Body	Knee Across The Body
Knee_Circles	Knee Circles
Knee_Hip_Raise_On_Parallel_Bars	Knee/Hip Raise On Parallel Bars
Knee_Tuck_Jump	Knee Tuck Jump
Kneeling_Arm_Drill	Kneeling Arm Drill
Kneeling_Cable_Crunch_With_Alternating_Oblique_Twists	Kneeling Cable Crunch With Alternating Oblique Twists
Kneeling_Cable_Triceps_Extension	Kneeling Cable Triceps Extension
Kneeling_Forearm_Stretch	Kneeling Forearm Stretch
Kneeling_High_Pulley_Row	Kneeling High Pulley Row
Kneeling_Hip_Flexor	Kneeling Hip Flexor
Kneeling_Jump_Squat	Kneeling Jump Squat
Kneeling_Single-Arm_High_Pulley_Row	Kneeling Single-Arm High Pulley Row
Kneeling_Squat	Kneeling Squat
Landmine_180s	Landmine 180's
Landmine_Linear_Jammer	Landmine Linear Jammer
Lateral_Bound	Lateral Bound
Lateral_Box_Jump	Lateral Box Jump
Lateral_Cone_Hops	Lateral Cone Hops
Lateral_Raise_-_With_Bands	Lateral Raise - With Bands
Latissimus_Dorsi-SMR	Latissimus Dorsi-SMR
Leg-Over_Floor_Press	Leg-Over Floor Press
Leg-Up_Hamstring_Stretch	Leg-Up Hamstring Stretch
Leg_Extensions	Leg Extensions
Leg_Lift	Leg Lift
Leg_Press	Leg Press
Leg_Pull-In	Leg Pull-In
Leverage_Chest_Press	Leverage Chest Press
Leverage_Deadlift	Leverage Deadlift
Leverage_Decline_Chest_Press	Leverage Decline Chest Press
Leverage_High_Row	Leverage High Row
Leverage_Incline_Chest_Press	Leverage Incline Chest Press
Leverage_Iso_Row	Leverage Iso Row
Leverage_Shoulder_Press	Leverage Shoulder Press
Leverage_Shrug	Leverage Shrug
Linear_3-Part_Start_Technique	Linear 3-Part Start Technique
Linear_Acceleration_Wall_Drill	Linear Acceleration Wall Drill
Linear_Depth_Jump	Linear Depth Jump
Log_Lift	Log Lift
London_Bridges	London Bridges
Looking_At_Ceiling	Looking At Ceiling
Low_Cable_Crossover	Low Cable Crossover
Low_Cable_Triceps_Extension	Low Cable Triceps Extension
Low_Pulley_Row_To_Neck	Low Pulley Row To Neck
Lower_Back-SMR	Lower Back-SMR
Lower_Back_Curl	Lower Back Curl
Lunge_Pass_Through	Lunge Pass Through
Lunge_Sprint	Lunge Sprint
Lying_Bent_Leg_Groin	Lying Bent Leg Groin
Lying_Cable_Curl	Lying Cable Curl
Lying_Cambered_Barbell_Row	Lying Cambered Barbell Row
Lying_Close-Grip_Bar_Curl_On_High_Pulley	Lying Close-Grip Bar Curl On High Pulley
Lying_Close-Grip_Barbell_Triceps_Extension_Behind_The_Head	Lying Close-Grip Barbell Triceps Extension Behind The Head
Lying_Close-Grip_Barbell_Triceps_Press_To_Chin	Lying Close-Grip Barbell Triceps Press To Chin
Lying_Crossover	Lying Crossover
Lying_Dumbbell_Tricep_Extension	Lying Dumbbell Tricep Extension
Lying_Face_Down_Plate_Neck_Resistance	Lying Face Down Plate Neck Resistance
Lying_Face_Up_Plate_Neck_Resistance	Lying Face Up Plate Neck Resistance
Lying_Glute	Lying Glute
Lying_Hamstring	Lying Hamstring
Lying_High_Bench_Barbell_Curl	Lying High Bench Barbell Curl
Lying_Leg_Curls	Lying Leg Curls
Lying_Machine_Squat	Lying Machine Squat
Lying_One-Arm_Lateral_Raise	Lying One-Arm Lateral Raise
Lying_Prone_Quadriceps	Lying Prone Quadriceps
Lying_Rear_Delt_Raise	Lying Rear Delt Raise
Lying_Supine_Dumbbell_Curl	Lying Supine Dumbbell Curl
Lying_T-Bar_Row	Lying T-Bar Row
Lying_Triceps_Press	Lying Triceps Press
Machine_Bench_Press	Machine Bench Press
Machine_Bicep_Curl	Machine Bicep Curl
Machine_Preacher_Curls	Machine Preacher Curls
Machine_Shoulder_Military_Press	Machine Shoulder (Military) Press
Machine_Triceps_Extension	Machine Triceps Extension
Medicine_Ball_Chest_Pass	Medicine Ball Chest Pass
Medicine_Ball_Full_Twist	Medicine Ball Full Twist
Medicine_Ball_Scoop_Throw	Medicine Ball Scoop Throw
Middle_Back_Shrug	Middle Back Shrug
Middle_Back_Stretch	Middle Back Stretch
Mixed_Grip_Chin	Mixed Grip Chin
Monster_Walk	Monster Walk
Mountain_Climbers	Mountain Climbers
Moving_Claw_Series	Moving Claw Series
Muscle_Snatch	Muscle Snatch
Muscle_Up	Muscle Up
Narrow_Stance_Hack_Squats	Narrow Stance Hack Squats
Narrow_Stance_Leg_Press	Narrow Stance Leg Press
Narrow_Stance_Squats	Narrow Stance Squats
Natural_Glute_Ham_Raise	Natural Glute Ham Raise
Neck-SMR	Neck-SMR
Neck_Press	Neck Press
Oblique_Crunches	Oblique Crunches
Oblique_Crunches_-_On_The_Floor	Oblique Crunches - On The Floor
Olympic_Squat	Olympic Squat
On-Your-Back_Quad_Stretch	On-Your-Back Quad Stretch
On_Your_Side_Quad_Stretch	On Your Side Quad Stretch
One-Arm_Dumbbell_Row	One-Arm Dumbbell Row
One-Arm_Flat_Bench_Dumbbell_Flye	One-Arm Flat Bench Dumbbell Flye
One-Arm_High-Pulley_Cable_Side_Bends	One-Arm High-Pulley Cable Side Bends
One-Arm_Incline_Lateral_Raise	One-Arm Incline Lateral Raise
One-Arm_Kettlebell_Clean	One-Arm Kettlebell Clean
One-Arm_Kettlebell_Clean_and_Jerk	One-Arm Kettlebell Clean and Jerk
One-Arm_Kettlebell_Floor_Press	One-Arm Kettlebell Floor Press
One-Arm_Kettlebell_Jerk	One-Arm Kettlebell Jerk
One-Arm_Kettlebell_Military_Press_To_The_Side	One-Arm Kettlebell Military Press To The Side
One-Arm_Kettlebell_Para_Press	One-Arm Kettlebell Para Press
One-Arm_Kettlebell_Push_Press	One-Arm Kettlebell Push Press
One-Arm_Kettlebell_Row	One-Arm Kettlebell Row
One-Arm_Kettlebell_Snatch	One-Arm Kettlebell Snatch
One-Arm_Kettlebell_Split_Jerk	One-Arm Kettlebell Split Jerk
One-Arm_Kettlebell_Split_Snatch	One-Arm Kettlebell Split Snatch
One-Arm_Kettlebell_Swings	One-Arm Kettlebell Swings
One-Arm_Long_Bar_Row	One-Arm Long Bar Row
One-Arm_Medicine_Ball_Slam	One-Arm Medicine Ball Slam
One-Arm_Open_Palm_Kettlebell_Clean	One-Arm Open Palm Kettlebell Clean
One-Arm_Overhead_Kettlebell_Squats	One-Arm Overhead Kettlebell Squats
One-Arm_Side_Deadlift	One-Arm Side Deadlift
One-Arm_Side_Laterals	One-Arm Side Laterals
One-Legged_Cable_Kickback	One-Legged Cable Kickback
One_Arm_Against_Wall	One Arm Against Wall
One_Arm_Chin-Up	One Arm Chin-Up
One_Arm_Dumbbell_Bench_Press	One Arm Dumbbell Bench Press
One_Arm_Dumbbell_Preacher_Curl	One Arm Dumbbell Preacher Curl
One_Arm_Floor_Press	One Arm Floor Press
One_Arm_Lat_Pulldown	One Arm Lat Pulldown
One_Arm_Pronated_Dumbbell_Triceps_Extension	One Arm Pronated Dumbbell Triceps Extension
One_Arm_Supinated_Dumbbell_Triceps_Extension	One Arm Supinated Dumbbell Triceps Extension
One_Half_Locust	One Half Locust
One_Handed_Hang	One Handed Hang
One_Knee_To_Chest	One Knee To Chest
One_Leg_Barbell_Squat	One Leg Barbell Squat
Open_Palm_Kettlebell_Clean	Open Palm Kettlebell Clean
Otis-Up	Otis-Up
Overhead_Cable_Curl	Overhead Cable Curl
Overhead_Lat	Overhead Lat
Overhead_Slam	Overhead Slam
Overhead_Squat	Overhead Squat
Overhead_Stretch	Overhead Stretch
Overhead_Triceps	Overhead Triceps
Pallof_Press	Pallof Press
Pallof_Press_With_Rotation	Pallof Press With Rotation
Palms-Down_Dumbbell_Wrist_Curl_Over_A_Bench	Palms-Down Dumbbell Wrist Curl Over A Bench
Palms-Down_Wrist_Curl_Over_A_Bench	Palms-Down Wrist Curl Over A Bench
Palms-Up_Barbell_Wrist_Curl_Over_A_Bench	Palms-Up Barbell Wrist Curl Over A Bench
Palms-Up_Dumbbell_Wrist_Curl_Over_A_Bench	Palms-Up Dumbbell Wrist Curl Over A Bench
Parallel_Bar_Dip	Parallel Bar Dip
Pelvic_Tilt_Into_Bridge	Pelvic Tilt Into Bridge
Peroneals-SMR	Peroneals-SMR
Peroneals_Stretch	Peroneals Stretch
Physioball_Hip_Bridge	Physioball Hip Bridge
Pin_Presses	Pin Presses
Piriformis-SMR	Piriformis-SMR
Plank	Plank
Plate_Pinch	Plate Pinch
Plate_Twist	Plate Twist
Platform_Hamstring_Slides	Platform Hamstring Slides
Plie_Dumbbell_Squat	Plie Dumbbell Squat
Plyo_Kettlebell_Pushups	Plyo Kettlebell Pushups
Plyo_Push-up	Plyo Push-up
Posterior_Tibialis_Stretch	Posterior Tibialis Stretch
Power_Clean	Power Clean
Power_Clean_from_Blocks	Power Clean from Blocks
Power_Jerk	Power Jerk
Power_Partials	Power Partials
Power_Snatch	Power Snatch
Power_Snatch_from_Blocks	Power Snatch from Blocks
Power_Stairs	Power Stairs
Preacher_Curl	Preacher Curl
Preacher_Hammer_Dumbbell_Curl	Preacher Hammer Dumbbell Curl
Press_Sit-Up	Press Sit-Up
Prone_Manual_Hamstring	Prone Manual Hamstring
Prowler_Sprint	Prowler Sprint
Pull_Through	Pull Through
Pullups	Pullups
Push-Up_Wide	Push-Up Wide
Push-Ups_-_Close_Triceps_Position	Push-Ups - Close Triceps Position
Push-Ups_With_Feet_Elevated	Push-Ups With Feet Elevated
Push-Ups_With_Feet_On_An_Exercise_Ball	Push-Ups With Feet On An Exercise Ball
Push_Press	Push Press
Push_Press_-_Behind_the_Neck	Push Press - Behind the Neck
Push_Up_to_Side_Plank	Push Up to Side Plank
Pushups	Pushups
Pushups_Close_and_Wide_Hand_Positions	Pushups (Close and Wide Hand Positions)
Pyramid	Pyramid
Quad_Stretch	Quad Stretch
Quadriceps-SMR	Quadriceps-SMR
Quick_Leap	Quick Leap
Rack_Delivery	Rack Delivery
Rack_Pull_with_Bands	Rack Pull with Bands
Rack_Pulls	Rack Pulls
Rear_Leg_Raises	Rear Leg Raises
Recumbent_Bike	Recumbent Bike
Return_Push_from_Stance	Return Push from Stance
Reverse_Band_Bench_Press	Reverse Band Bench Press
Reverse_Band_Box_Squat	Reverse Band Box Squat
Reverse_Band_Deadlift	Reverse Band Deadlift
Reverse_Band_Power_Squat	Reverse Band Power Squat
Reverse_Band_Sumo_Deadlift	Reverse Band Sumo Deadlift
Reverse_Barbell_Curl	Reverse Barbell Curl
Reverse_Barbell_Preacher_Curls	Reverse Barbell Preacher Curls
Reverse_Cable_Curl	Reverse Cable Curl
Reverse_Crunch	Reverse Crunch
Reverse_Flyes	Reverse Flyes
Reverse_Flyes_With_External_Rotation	Reverse Flyes With External Rotation
Reverse_Grip_Bent-Over_Rows	Reverse Grip Bent-Over Rows
Reverse_Grip_Triceps_Pushdown	Reverse Grip Triceps Pushdown
Reverse_Hyperextension	Reverse Hyperextension
Reverse_Machine_Flyes	Reverse Machine Flyes
Reverse_Plate_Curls	Reverse Plate Curls
Reverse_Triceps_Bench_Press	Reverse Triceps Bench Press
Rhomboids-SMR	Rhomboids-SMR
Rickshaw_Carry	Rickshaw Carry
Rickshaw_Deadlift	Rickshaw Deadlift
Ring_Dips	Ring Dips
Rocket_Jump	Rocket Jump
Rocking_Standing_Calf_Raise	Rocking Standing Calf Raise
Rocky_Pull-Ups_Pulldowns	Rocky Pull-Ups/Pulldowns
Romanian_Deadlift	Romanian Deadlift
Romanian_Deadlift_from_Deficit	Romanian Deadlift from Deficit
Rope_Climb	Rope Climb
Rope_Crunch	Rope Crunch
Rope_Jumping	Rope Jumping
Rope_Straight-Arm_Pulldown	Rope Straight-Arm Pulldown
Round_The_World_Shoulder_Stretch	Round The World Shoulder Stretch
Rowing_Stationary	Rowing, Stationary
Runners_Stretch	Runner's Stretch
Running_Treadmill	Running, Treadmill
Russian_Twist	Russian Twist
Sandbag_Load	Sandbag Load
Scapular_Pull-Up	Scapular Pull-Up
Scissor_Kick	Scissor Kick
Scissors_Jump	Scissors Jump
Seated_Band_Hamstring_Curl	Seated Band Hamstring Curl
Seated_Barbell_Military_Press	Seated Barbell Military Press
Seated_Barbell_Twist	Seated Barbell Twist
Seated_Bent-Over_One-Arm_Dumbbell_Triceps_Extension	Seated Bent-Over One-Arm Dumbbell Triceps Extension
Seated_Bent-Over_Rear_Delt_Raise	Seated Bent-Over Rear Delt Raise
Seated_Bent-Over_Two-Arm_Dumbbell_Triceps_Extension	Seated Bent-Over Two-Arm Dumbbell Triceps Extension
Seated_Biceps	Seated Biceps
Seated_Cable_Rows	Seated Cable Rows
Seated_Cable_Shoulder_Press	Seated Cable Shoulder Press
Seated_Calf_Raise	Seated Calf Raise
Seated_Calf_Stretch	Seated Calf Stretch
Seated_Close-Grip_Concentration_Barbell_Curl	Seated Close-Grip Concentration Barbell Curl
Seated_Dumbbell_Curl	Seated Dumbbell Curl
Seated_Dumbbell_Inner_Biceps_Curl	Seated Dumbbell Inner Biceps Curl
Seated_Dumbbell_Palms-Down_Wrist_Curl	Seated Dumbbell Palms-Down Wrist Curl
Seated_Dumbbell_Palms-Up_Wrist_Curl	Seated Dumbbell Palms-Up Wrist Curl
Seated_Dumbbell_Press	Seated Dumbbell Press
Seated_Flat_Bench_Leg_Pull-In	Seated Flat Bench Leg Pull-In
Seated_Floor_Hamstring_Stretch	Seated Floor Hamstring Stretch
Seated_Front_Deltoid	Seated Front Deltoid
Seated_Glute	Seated Glute
Seated_Good_Mornings	Seated Good Mornings
Seated_Hamstring	Seated Hamstring
Seated_Hamstring_and_Calf_Stretch	Seated Hamstring and Calf Stretch
Seated_Head_Harness_Neck_Resistance	Seated Head Harness Neck Resistance
Seated_Leg_Curl	Seated Leg Curl
Seated_Leg_Tucks	Seated Leg Tucks
Seated_One-Arm_Dumbbell_Palms-Down_Wrist_Curl	Seated One-Arm Dumbbell Palms-Down Wrist Curl
Seated_One-Arm_Dumbbell_Palms-Up_Wrist_Curl	Seated One-Arm Dumbbell Palms-Up Wrist Curl
Seated_One-arm_Cable_Pulley_Rows	Seated One-arm Cable Pulley Rows
Seated_Overhead_Stretch	Seated Overhead Stretch
Seated_Palm-Up_Barbell_Wrist_Curl	Seated Palm-Up Barbell Wrist Curl
Seated_Palms-Down_Barbell_Wrist_Curl	Seated Palms-Down Barbell Wrist Curl
Seated_Side_Lateral_Raise	Seated Side Lateral Raise
Seated_Triceps_Press	Seated Triceps Press
Seated_Two-Arm_Palms-Up_Low-Pulley_Wrist_Curl	Seated Two-Arm Palms-Up Low-Pulley Wrist Curl
See-Saw_Press_Alternating_Side_Press	See-Saw Press (Alternating Side Press)
Shotgun_Row	Shotgun Row
Shoulder_Circles	Shoulder Circles
Shoulder_Press_-_With_Bands	Shoulder Press - With Bands
Shoulder_Raise	Shoulder Raise
Shoulder_Stretch	Shoulder Stretch
Side-Lying_Floor_Stretch	Side-Lying Floor Stretch
Side_Bridge	Side Bridge
Side_Hop-Sprint	Side Hop-Sprint
Side_Jackknife	Side Jackknife
Side_Lateral_Raise	Side Lateral Raise
Side_Laterals_to_Front_Raise	Side Laterals to Front Raise
Side_Leg_Raises	Side Leg Raises
Side_Lying_Groin_Stretch	Side Lying Groin Stretch
Side_Neck_Stretch	Side Neck Stretch
Side_Standing_Long_Jump	Side Standing Long Jump
Side_To_Side_Chins	Side To Side Chins
Side_Wrist_Pull	Side Wrist Pull
Side_to_Side_Box_Shuffle	Side to Side Box Shuffle
Single-Arm_Cable_Crossover	Single-Arm Cable Crossover
Single-Arm_Linear_Jammer	Single-Arm Linear Jammer
Single-Arm_Push-Up	Single-Arm Push-Up
Single-Cone_Sprint_Drill	Single-Cone Sprint Drill
Single-Leg_High_Box_Squat	Single-Leg High Box Squat
Single-Leg_Hop_Progression	Single-Leg Hop Progression
Single-Leg_Lateral_Hop	Single-Leg Lateral Hop
Single-Leg_Leg_Extension	Single-Leg Leg Extension
Single-Leg_Stride_Jump	Single-Leg Stride Jump
Single_Dumbbell_Raise	Single Dumbbell Raise
Single_Leg_Butt_Kick	Single Leg Butt Kick
Single_Leg_Glute_Bridge	Single Leg Glute Bridge
Single_Leg_Push-off	Single Leg Push-off
Sit-Up	Sit-Up
Sit_Squats	Sit Squats
Skating	Skating
Sled_Drag_-_Harness	Sled Drag - Harness
Sled_Overhead_Backward_Walk	Sled Overhead Backward Walk
Sled_Overhead_Triceps_Extension	Sled Overhead Triceps Extension
Sled_Push	Sled Push
Sled_Reverse_Flye	Sled Reverse Flye
Sled_Row	Sled Row
Sledgehammer_Swings	Sledgehammer Swings
Smith_Incline_Shoulder_Raise	Smith Incline Shoulder Raise
Smith_Machine_Behind_the_Back_Shrug	Smith Machine Behind the Back Shrug
Smith_Machine_Bench_Press	Smith Machine Bench Press
Smith_Machine_Bent_Over_Row	Smith Machine Bent Over Row
Smith_Machine_Calf_Raise	Smith Machine Calf Raise
Smith_Machine_Close-Grip_Bench_Press	Smith Machine Close-Grip Bench Press
Smith_Machine_Decline_Press	Smith Machine Decline Press
Smith_Machine_Hang_Power_Clean	Smith Machine Hang Power Clean
Smith_Machine_Hip_Raise	Smith Machine Hip Raise
Smith_Machine_Incline_Bench_Press	Smith Machine Incline Bench Press
Smith_Machine_Leg_Press	Smith Machine Leg Press
Smith_Machine_One-Arm_Upright_Row	Smith Machine One-Arm Upright Row
Smith_Machine_Overhead_Shoulder_Press	Smith Machine Overhead Shoulder Press
Smith_Machine_Pistol_Squat	Smith Machine Pistol Squat
Smith_Machine_Reverse_Calf_Raises	Smith Machine Reverse Calf Raises
Smith_Machine_Squat	Smith Machine Squat
Smith_Machine_Stiff-Legged_Deadlift	Smith Machine Stiff-Legged Deadlift
Smith_Machine_Upright_Row	Smith Machine Upright Row
Smith_Single-Leg_Split_Squat	Smith Single-Leg Split Squat
Snatch	Snatch
Snatch_Balance	Snatch Balance
Snatch_Deadlift	Snatch Deadlift
Snatch_Pull	Snatch Pull
Snatch_Shrug	Snatch Shrug
Snatch_from_Blocks	Snatch from Blocks
Speed_Band_Overhead_Triceps	Speed Band Overhead Triceps
Speed_Box_Squat	Speed Box Squat
Speed_Squats	Speed Squats
Spell_Caster	Spell Caster
Spider_Crawl	Spider Crawl
Spider_Curl	Spider Curl
Spinal_Stretch	Spinal Stretch
Split_Clean	Split Clean
Split_Jerk	Split Jerk
Split_Jump	Split Jump
Split_Snatch	Split Snatch
Split_Squat_with_Dumbbells	Split Squat with Dumbbells
Split_Squats	Split Squats
Squat_Jerk	Squat Jerk
Squat_with_Bands	Squat with Bands
Squat_with_Chains	Squat with Chains
Squat_with_Plate_Movers	Squat with Plate Movers
Squats_-_With_Bands	Squats - With Bands
Stairmaster	Stairmaster
Standing_Alternating_Dumbbell_Press	Standing Alternating Dumbbell Press
Standing_Barbell_Calf_Raise	Standing Barbell Calf Raise
Standing_Barbell_Press_Behind_Neck	Standing Barbell Press Behind Neck
Standing_Bent-Over_One-Arm_Dumbbell_Triceps_Extension	Standing Bent-Over One-Arm Dumbbell Triceps Extension
Standing_Bent-Over_Two-Arm_Dumbbell_Triceps_Extension	Standing Bent-Over Two-Arm Dumbbell Triceps Extension
Standing_Biceps_Cable_Curl	Standing Biceps Cable Curl
Standing_Biceps_Stretch	Standing Biceps Stretch
Standing_Bradford_Press	Standing Bradford Press
Standing_Cable_Chest_Press	Standing Cable Chest Press
Standing_Cable_Lift	Standing Cable Lift
Standing_Cable_Wood_Chop	Standing Cable Wood Chop
Standing_Calf_Raises	Standing Calf Raises
Standing_Concentration_Curl	Standing Concentration Curl
Standing_Dumbbell_Calf_Raise	Standing Dumbbell Calf Raise
Standing_Dumbbell_Press	Standing Dumbbell Press
Standing_Dumbbell_Reverse_Curl	Standing Dumbbell Reverse Curl
Standing_Dumbbell_Straight-Arm_Front_Delt_Raise_Above_Head	Standing Dumbbell Straight-Arm Front Delt Raise Above Head
Standing_Dumbbell_Triceps_Extension	Standing Dumbbell Triceps Extension
Standing_Dumbbell_Upright_Row	Standing Dumbbell Upright Row
Standing_Elevated_Quad_Stretch	Standing Elevated Quad Stretch
Standing_Front_Barbell_Raise_Over_Head	Standing Front Barbell Raise Over Head
Standing_Gastrocnemius_Calf_Stretch	Standing Gastrocnemius Calf Stretch
Standing_Hamstring_and_Calf_Stretch	Standing Hamstring and Calf Stretch
Standing_Hip_Circles	Standing Hip Circles
Standing_Hip_Flexors	Standing Hip Flexors
Standing_Inner-Biceps_Curl	Standing Inner-Biceps Curl
Standing_Lateral_Stretch	Standing Lateral Stretch
Standing_Leg_Curl	Standing Leg Curl
Standing_Long_Jump	Standing Long Jump
Standing_Low-Pulley_Deltoid_Raise	Standing Low-Pulley Deltoid Raise
Standing_Low-Pulley_One-Arm_Triceps_Extension	Standing Low-Pulley One-Arm Triceps Extension
Standing_Military_Press	Standing Military Press
Standing_Olympic_Plate_Hand_Squeeze	Standing Olympic Plate Hand Squeeze
Standing_One-Arm_Cable_Curl	Standing One-Arm Cable Curl
Standing_One-Arm_Dumbbell_Curl_Over_Incline_Bench	Standing One-Arm Dumbbell Curl Over Incline Bench
Standing_One-Arm_Dumbbell_Triceps_Extension	Standing One-Arm Dumbbell Triceps Extension
Standing_Overhead_Barbell_Triceps_Extension	Standing Overhead Barbell Triceps Extension
Standing_Palm-In_One-Arm_Dumbbell_Press	Standing Palm-In One-Arm Dumbbell Press
Standing_Palms-In_Dumbbell_Press	Standing Palms-In Dumbbell Press
Standing_Palms-Up_Barbell_Behind_The_Back_Wrist_Curl	Standing Palms-Up Barbell Behind The Back Wrist Curl
Standing_Pelvic_Tilt	Standing Pelvic Tilt
Standing_Rope_Crunch	Standing Rope Crunch
Standing_Soleus_And_Achilles_Stretch	Standing Soleus And Achilles Stretch
Standing_Toe_Touches	Standing Toe Touches
Standing_Towel_Triceps_Extension	Standing Towel Triceps Extension
Standing_Two-Arm_Overhead_Throw	Standing Two-Arm Overhead Throw
Star_Jump	Star Jump
Step-up_with_Knee_Raise	Step-up with Knee Raise
Step_Mill	Step Mill
Stiff-Legged_Barbell_Deadlift	Stiff-Legged Barbell Deadlift
Stiff-Legged_Dumbbell_Deadlift	Stiff-Legged Dumbbell Deadlift
Stiff_Leg_Barbell_Good_Morning	Stiff Leg Barbell Good Morning
Stomach_Vacuum	Stomach Vacuum
Straight-Arm_Dumbbell_Pullover	Straight-Arm Dumbbell Pullover
Straight-Arm_Pulldown	Straight-Arm Pulldown
Straight_Bar_Bench_Mid_Rows	Straight Bar Bench Mid Rows
Straight_Raises_on_Incline_Bench	Straight Raises on Incline Bench
Stride_Jump_Crossover	Stride Jump Crossover
Sumo_Deadlift	Sumo Deadlift
Sumo_Deadlift_with_Bands	Sumo Deadlift with Bands
Sumo_Deadlift_with_Chains	Sumo Deadlift with Chains
Superman	Superman
Supine_Chest_Throw	Supine Chest Throw
Supine_One-Arm_Overhead_Throw	Supine One-Arm Overhead Throw
Supine_Two-Arm_Overhead_Throw	Supine Two-Arm Overhead Throw
Suspended_Fallout	Suspended Fallout
Suspended_Push-Up	Suspended Push-Up
Suspended_Reverse_Crunch	Suspended Reverse Crunch
Suspended_Row	Suspended Row
Suspended_Split_Squat	Suspended Split Squat
Svend_Press	Svend Press
T-Bar_Row_with_Handle	T-Bar Row with Handle
Tate_Press	Tate Press
The_Straddle	The Straddle
Thigh_Abductor	Thigh Abductor
Thigh_Adductor	Thigh Adductor
Tire_Flip	Tire Flip
Toe_Touchers	Toe Touchers
Torso_Rotation	Torso Rotation
Trail_Running_Walking	Trail Running/Walking
Trap_Bar_Deadlift	Trap Bar Deadlift
Tricep_Dumbbell_Kickback	Tricep Dumbbell Kickback
Tricep_Side_Stretch	Tricep Side Stretch
Triceps_Overhead_Extension_with_Rope	Triceps Overhead Extension with Rope
Triceps_Pushdown	Triceps Pushdown
Triceps_Pushdown_-_Rope_Attachment	Triceps Pushdown - Rope Attachment
Triceps_Pushdown_-_V-Bar_Attachment	Triceps Pushdown - V-Bar Attachment
Triceps_Stretch	Triceps Stretch
Tuck_Crunch	Tuck Crunch
Two-Arm_Dumbbell_Preacher_Curl	Two-Arm Dumbbell Preacher Curl
Two-Arm_Kettlebell_Clean	Two-Arm Kettlebell Clean
Two-Arm_Kettlebell_Jerk	Two-Arm Kettlebell Jerk
Two-Arm_Kettlebell_Military_Press	Two-Arm Kettlebell Military Press
Two-Arm_Kettlebell_Row	Two-Arm Kettlebell Row
Underhand_Cable_Pulldowns	Underhand Cable Pulldowns
Upper_Back-Leg_Grab	Upper Back-Leg Grab
Upper_Back_Stretch	Upper Back Stretch
Upright_Barbell_Row	Upright Barbell Row
Upright_Cable_Row	Upright Cable Row
Upright_Row_-_With_Bands	Upright Row - With Bands
Upward_Stretch	Upward Stretch
V-Bar_Pulldown	V-Bar Pulldown
V-Bar_Pullup	V-Bar Pullup
Vertical_Swing	Vertical Swing
Walking_Treadmill	Walking, Treadmill
Weighted_Ball_Hyperextension	Weighted Ball Hyperextension
Weighted_Ball_Side_Bend	Weighted Ball Side Bend
Weighted_Bench_Dip	Weighted Bench Dip
Weighted_Crunches	Weighted Crunches
Weighted_Jump_Squat	Weighted Jump Squat
Weighted_Pull_Ups	Weighted Pull Ups
Weighted_Sissy_Squat	Weighted Sissy Squat
Weighted_Sit-Ups_-_With_Bands	Weighted Sit-Ups - With Bands
Weighted_Squat	Weighted Squat
Wide-Grip_Barbell_Bench_Press	Wide-Grip Barbell Bench Press
Wide-Grip_Decline_Barbell_Bench_Press	Wide-Grip Decline Barbell Bench Press
Wide-Grip_Decline_Barbell_Pullover	Wide-Grip Decline Barbell Pullover
Wide-Grip_Lat_Pulldown	Wide-Grip Lat Pulldown
Wide-Grip_Pulldown_Behind_The_Neck	Wide-Grip Pulldown Behind The Neck
Wide-Grip_Rear_Pull-Up	Wide-Grip Rear Pull-Up
Wide-Grip_Standing_Barbell_Curl	Wide-Grip Standing Barbell Curl
Wide_Stance_Barbell_Squat	Wide Stance Barbell Squat
Wide_Stance_Stiff_Legs	Wide Stance Stiff Legs
Wind_Sprints	Wind Sprints
Windmills	Windmills
Worlds_Greatest_Stretch	World's Greatest Stretch
Wrist_Circles	Wrist Circles
Wrist_Roller	Wrist Roller
Wrist_Rotations_with_Straight_Bar	Wrist Rotations with Straight Bar
Yoke_Walk	Yoke Walk
Zercher_Squats	Zercher Squats
Zottman_Curl	Zottman Curl
Zottman_Preacher_Curl	Zottman Preacher Curl
